[
  {
    "Company_Name": "AG-Tech",
    "Company_Address": "AG Technologies, Unit No. 301, 3rd Floor, Silver Metropolis, Off Western Express Highway, Goregaon (East) Mumbai 400063, Maharashtra.",
    "Company_Website": "https://www.ag-technologies.com/about-us/",
    "Company_PhoneNumber": 9784011812,
    "Balance_Due": 5500
  },
  { "item_name": "Food", "item_total": 1000 },
  { "item_name": "Breakfast", "item_total": 500 },
  { "item_name": "Lunch", "item_total": 800 },
  { "item_name": "Dinner", "item_total": 700 },
  { "item_name": "Snack", "item_total": 300 },
  { "item_name": "Chinese", "item_total": 600 },
  { "item_name": "South Indian", "item_total": 400 },
  { "item_name": "Italian", "item_total": 1200 },
  {
    "Company_Name": "Demo Blaze",
    "Company_Address": "2390 El Camino Real",
    "Company_Website": "https://www.demoblaze.com/",
    "Company_PhoneNumber": "440 123456",
    "Balance_Due": 1130421
  },
  { "item_name": "IPhone13", "item_total": 1000 },
  { "item_name": "IPhone11", "item_total": 767500 },
  { "item_name": "IPhone", "item_total": 88000 },
  { "item_name": "IPhone10", "item_total": 111700 },
  { "item_name": "IPhone9", "item_total": 300 },
  { "item_name": "SamsungS6", "item_total": 76655 },
  { "item_name": "Nokia", "item_total": 6500 },
  { "item_name": "Redmi", "item_total": 78766 },
  {
    "Company_Name": "Amazon",
    "Company_Address": "410 Terry Avenue North Seattle, WA 98109 United States",
    "Company_Website": "https://www.amazon.com/",
    "Company_PhoneNumber": 9876578864,
    "Balance_Due": 2643942
  },
  {
    "item_name": "Microsoft Surface Laptop Go Touchscreen Laptop",
    "item_total": 455455
  },
  { "item_name": "Apple MacBook Pro", "item_total": 67667 },
  { "item_name": "Laptop", "item_total": 88000 },
  { "item_name": "ASUS", "item_total": 79999 },
  { "item_name": "Dell", "item_total": 54345 },
  { "item_name": "Hp", "item_total": 7876 },
  { "item_name": "Acer", "item_total": 999400 },
  {
    "item_name": "LG Gram Thin and Light Laptop - 15Z90N",
    "item_total": 891200
  },
  {
    "Company_Name": "Flipkart",
    "Company_Address": "Flipkart Internet Private Limited, Buildings Alyssa, Begonia and Clove Embassy Tech Village, Outer Ring Road, Devarabeesanahalli Village, Bengaluru 560103, Karnataka, India",
    "Company_Website": "https://www.flipkart.com/",
    "Company_PhoneNumber": 9884947848,
    "Balance_Due": 24809
  },
  { "item_name": "Jabra", "item_total": 1000 },
  { "item_name": "Sennheiser", "item_total": 800 },
  { "item_name": "Shure", "item_total": 8809 },
  { "item_name": "Sony", "item_total": 1700 },
  { "item_name": "Bowers & Wilkins", "item_total": 3300 },
  { "item_name": "RHA", "item_total": 2600 },
  { "item_name": "FiiO", "item_total": 5400 },
  { "item_name": "Bose", "item_total": 1200 },
  {
    "Company_Name": "Myntra",
    "Company_Address": "A K R TECH PARK,3RD FLOOR,7TH MILE, KRISHNA REDDYKRISHNA REDDY INDUSTRIAL AREA, HOSUR ROAD, , Bangalore, INDIA 560068.",
    "Company_Website": "https://www.myntra.com/",
    "Company_PhoneNumber": 95736627637,
    "Balance_Due": 203700
  },
  { "item_name": "Saree", "item_total": 1000 },
  { "item_name": "Suit", "item_total": 500 },
  { "item_name": "Shirt", "item_total": 88000 },
  { "item_name": "Jeans", "item_total": 111700 },
  { "item_name": "Pants", "item_total": 300 },
  { "item_name": "Belt", "item_total": 600 },
  { "item_name": "Kurti", "item_total": 400 },
  { "item_name": "Kurta", "item_total": 1200 }
]
